[
{
  "model": "webapp.good",
  "pk": 1,
  "fields": {
    "name": "молочко",
    "description": "жирность 2%",
    "category": "old",
    "remainder": 100,
    "price": "88.00"
  }
},
{
  "model": "webapp.good",
  "pk": 2,
  "fields": {
    "name": "хлеб",
    "description": "ржаное",
    "category": "old",
    "remainder": 47,
    "price": "20.00"
  }
},
{
  "model": "webapp.good",
  "pk": 3,
  "fields": {
    "name": "хлеб",
    "description": "булка",
    "category": "old",
    "remainder": 17,
    "price": "15.00"
  }
},
{
  "model": "webapp.good",
  "pk": 4,
  "fields": {
    "name": "сахар",
    "description": "кубики",
    "category": "new",
    "remainder": 0,
    "price": "50.00"
  }
},
{
  "model": "webapp.good",
  "pk": 5,
  "fields": {
    "name": "Кефир",
    "description": "ряженка",
    "category": "old",
    "remainder": 40,
    "price": "40.00"
  }
},
{
  "model": "webapp.good",
  "pk": 6,
  "fields": {
    "name": "Капуста",
    "description": "Овощь",
    "category": "new",
    "remainder": 0,
    "price": "80.00"
  }
},
{
  "model": "webapp.good",
  "pk": 9,
  "fields": {
    "name": "морковь",
    "description": "овощь",
    "category": "old",
    "remainder": 6,
    "price": "90.00"
  }
},
{
  "model": "webapp.good",
  "pk": 10,
  "fields": {
    "name": "хлеб",
    "description": null,
    "category": "new",
    "remainder": 0,
    "price": "99.00"
  }
},
{
  "model": "webapp.good",
  "pk": 11,
  "fields": {
    "name": "хлеб",
    "description": null,
    "category": "new",
    "remainder": 0,
    "price": "-0.02"
  }
},
{
  "model": "webapp.good",
  "pk": 12,
  "fields": {
    "name": "Капуста",
    "description": null,
    "category": "old",
    "remainder": 3,
    "price": "900.00"
  }
},
{
  "model": "webapp.good",
  "pk": 13,
  "fields": {
    "name": "Тося",
    "description": "kkkkk",
    "category": "new",
    "remainder": 40,
    "price": "45.00"
  }
},
{
  "model": "webapp.good",
  "pk": 14,
  "fields": {
    "name": "Капуста",
    "description": "Овощь",
    "category": "new",
    "remainder": 35,
    "price": "4.00"
  }
},
{
  "model": "webapp.good",
  "pk": 15,
  "fields": {
    "name": "сахар",
    "description": null,
    "category": "new",
    "remainder": 2,
    "price": "9.00"
  }
},
{
  "model": "webapp.good",
  "pk": 16,
  "fields": {
    "name": "молоко",
    "description": "kkkkkkkkk",
    "category": "old",
    "remainder": 5,
    "price": "88.00"
  }
},
{
  "model": "webapp.goodincart",
  "pk": 23,
  "fields": {
    "good": 14,
    "count": 10
  }
},
{
  "model": "webapp.goodincart",
  "pk": 24,
  "fields": {
    "good": 4,
    "count": 5
  }
},
{
  "model": "webapp.goodincart",
  "pk": 25,
  "fields": {
    "good": 13,
    "count": 4
  }
},
{
  "model": "webapp.goodincart",
  "pk": 26,
  "fields": {
    "good": 14,
    "count": 1
  }
},
{
  "model": "webapp.goodincart",
  "pk": 27,
  "fields": {
    "good": 13,
    "count": 1
  }
},
{
  "model": "webapp.goodincart",
  "pk": 28,
  "fields": {
    "good": 13,
    "count": 1
  }
},
{
  "model": "webapp.goodincart",
  "pk": 29,
  "fields": {
    "good": 4,
    "count": 1
  }
},
{
  "model": "webapp.goodincart",
  "pk": 30,
  "fields": {
    "good": 14,
    "count": 1
  }
},
{
  "model": "webapp.goodincart",
  "pk": 31,
  "fields": {
    "good": 2,
    "count": 1
  }
},
{
  "model": "webapp.goodincart",
  "pk": 32,
  "fields": {
    "good": 3,
    "count": 1
  }
},
{
  "model": "webapp.goodincart",
  "pk": 33,
  "fields": {
    "good": 14,
    "count": 1
  }
},
{
  "model": "webapp.goodincart",
  "pk": 34,
  "fields": {
    "good": 4,
    "count": 1
  }
},
{
  "model": "webapp.goodincart",
  "pk": 35,
  "fields": {
    "good": 14,
    "count": 1
  }
},
{
  "model": "webapp.goodincart",
  "pk": 36,
  "fields": {
    "good": 4,
    "count": 1
  }
},
{
  "model": "webapp.goodincart",
  "pk": 37,
  "fields": {
    "good": 14,
    "count": 1
  }
},
{
  "model": "webapp.goodincart",
  "pk": 38,
  "fields": {
    "good": 13,
    "count": 1
  }
},
{
  "model": "webapp.goodincart",
  "pk": 39,
  "fields": {
    "good": 14,
    "count": 1
  }
},
{
  "model": "webapp.goodincart",
  "pk": 40,
  "fields": {
    "good": 13,
    "count": 1
  }
},
{
  "model": "webapp.goodincart",
  "pk": 44,
  "fields": {
    "good": 14,
    "count": 4
  }
},
{
  "model": "webapp.ordergood",
  "pk": 1,
  "fields": {
    "order": 1,
    "good": 14,
    "count": 1
  }
},
{
  "model": "webapp.ordergood",
  "pk": 2,
  "fields": {
    "order": 2,
    "good": 13,
    "count": 1
  }
},
{
  "model": "webapp.ordergood",
  "pk": 3,
  "fields": {
    "order": 2,
    "good": 14,
    "count": 1
  }
},
{
  "model": "webapp.ordergood",
  "pk": 4,
  "fields": {
    "order": 3,
    "good": 14,
    "count": 1
  }
},
{
  "model": "webapp.ordergood",
  "pk": 5,
  "fields": {
    "order": 4,
    "good": 14,
    "count": 1
  }
},
{
  "model": "webapp.ordergood",
  "pk": 6,
  "fields": {
    "order": 4,
    "good": 13,
    "count": 1
  }
},
{
  "model": "webapp.ordergood",
  "pk": 7,
  "fields": {
    "order": 4,
    "good": 4,
    "count": 2
  }
},
{
  "model": "webapp.ordergood",
  "pk": 8,
  "fields": {
    "order": 5,
    "good": 4,
    "count": 5
  }
},
{
  "model": "webapp.ordergood",
  "pk": 9,
  "fields": {
    "order": 5,
    "good": 3,
    "count": 2
  }
},
{
  "model": "webapp.ordergood",
  "pk": 10,
  "fields": {
    "order": 5,
    "good": 13,
    "count": 2
  }
},
{
  "model": "webapp.ordergood",
  "pk": 11,
  "fields": {
    "order": 5,
    "good": 14,
    "count": 1
  }
},
{
  "model": "webapp.ordergood",
  "pk": 12,
  "fields": {
    "order": 6,
    "good": 14,
    "count": 1
  }
},
{
  "model": "webapp.ordergood",
  "pk": 13,
  "fields": {
    "order": 6,
    "good": 13,
    "count": 1
  }
},
{
  "model": "webapp.ordergood",
  "pk": 14,
  "fields": {
    "order": 7,
    "good": 14,
    "count": 1
  }
},
{
  "model": "webapp.ordergood",
  "pk": 15,
  "fields": {
    "order": 7,
    "good": 13,
    "count": 1
  }
},
{
  "model": "webapp.ordergood",
  "pk": 16,
  "fields": {
    "order": 8,
    "good": 14,
    "count": 2
  }
},
{
  "model": "webapp.ordergood",
  "pk": 17,
  "fields": {
    "order": 9,
    "good": 14,
    "count": 1
  }
},
{
  "model": "webapp.ordergood",
  "pk": 18,
  "fields": {
    "order": 10,
    "good": 4,
    "count": 1
  }
},
{
  "model": "webapp.ordergood",
  "pk": 19,
  "fields": {
    "order": 11,
    "good": 14,
    "count": 5
  }
},
{
  "model": "webapp.ordergood",
  "pk": 20,
  "fields": {
    "order": 11,
    "good": 4,
    "count": 3
  }
},
{
  "model": "webapp.ordergood",
  "pk": 21,
  "fields": {
    "order": 12,
    "good": 2,
    "count": 1
  }
},
{
  "model": "webapp.ordergood",
  "pk": 22,
  "fields": {
    "order": 12,
    "good": 14,
    "count": 1
  }
},
{
  "model": "webapp.ordergood",
  "pk": 23,
  "fields": {
    "order": 24,
    "good": 4,
    "count": 1
  }
},
{
  "model": "webapp.ordergood",
  "pk": 24,
  "fields": {
    "order": 24,
    "good": 13,
    "count": 1
  }
},
{
  "model": "webapp.ordergood",
  "pk": 25,
  "fields": {
    "order": 25,
    "good": 4,
    "count": 1
  }
},
{
  "model": "webapp.ordergood",
  "pk": 26,
  "fields": {
    "order": 26,
    "good": 14,
    "count": 9
  }
},
{
  "model": "webapp.ordergood",
  "pk": 27,
  "fields": {
    "order": 26,
    "good": 4,
    "count": 2
  }
},
{
  "model": "webapp.order",
  "pk": 1,
  "fields": {
    "created_at": "2021-04-05T11:55:11.449Z",
    "updated_at": "2021-04-05T11:55:11.449Z",
    "name": "xx",
    "phonenumber": "xxx",
    "adress": "xxx",
    "user": null
  }
},
{
  "model": "webapp.order",
  "pk": 2,
  "fields": {
    "created_at": "2021-04-05T11:57:12.462Z",
    "updated_at": "2021-04-05T11:57:12.462Z",
    "name": "zzzzzz",
    "phonenumber": "zzzzzzzz",
    "adress": "zzzzzzzz",
    "user": null
  }
},
{
  "model": "webapp.order",
  "pk": 3,
  "fields": {
    "created_at": "2021-04-09T13:14:25.961Z",
    "updated_at": "2021-04-09T13:14:25.961Z",
    "name": "Тося",
    "phonenumber": "zzzzzzzz",
    "adress": "zzzzzzzz",
    "user": null
  }
},
{
  "model": "webapp.order",
  "pk": 4,
  "fields": {
    "created_at": "2021-04-23T11:29:42.941Z",
    "updated_at": "2021-04-23T11:29:42.941Z",
    "name": "Тося",
    "phonenumber": "",
    "adress": "",
    "user": null
  }
},
{
  "model": "webapp.order",
  "pk": 5,
  "fields": {
    "created_at": "2021-04-23T13:26:31.559Z",
    "updated_at": "2021-04-23T13:26:31.559Z",
    "name": "axaxa",
    "phonenumber": "xaxaaax",
    "adress": "axaxa",
    "user": null
  }
},
{
  "model": "webapp.order",
  "pk": 6,
  "fields": {
    "created_at": "2021-04-26T09:13:27.853Z",
    "updated_at": "2021-04-26T09:13:27.853Z",
    "name": "Тося",
    "phonenumber": "3333",
    "adress": "zzzzzzzz",
    "user": null
  }
},
{
  "model": "webapp.order",
  "pk": 7,
  "fields": {
    "created_at": "2021-04-26T10:03:02.962Z",
    "updated_at": "2021-04-26T10:03:02.962Z",
    "name": "Тося",
    "phonenumber": "888",
    "adress": "zzzzzzzz",
    "user": null
  }
},
{
  "model": "webapp.order",
  "pk": 8,
  "fields": {
    "created_at": "2021-04-26T10:19:44.961Z",
    "updated_at": "2021-04-26T10:19:44.961Z",
    "name": "Капуста",
    "phonenumber": "3333",
    "adress": "zzzzzzzz",
    "user": 1
  }
},
{
  "model": "webapp.order",
  "pk": 9,
  "fields": {
    "created_at": "2021-04-26T10:21:07.810Z",
    "updated_at": "2021-04-26T10:21:07.810Z",
    "name": "Тося",
    "phonenumber": "3333",
    "adress": "zzzzzzzz",
    "user": 1
  }
},
{
  "model": "webapp.order",
  "pk": 10,
  "fields": {
    "created_at": "2021-04-26T10:22:10.185Z",
    "updated_at": "2021-04-26T10:22:10.185Z",
    "name": "",
    "phonenumber": "",
    "adress": "",
    "user": 1
  }
},
{
  "model": "webapp.order",
  "pk": 11,
  "fields": {
    "created_at": "2021-04-26T10:25:51.811Z",
    "updated_at": "2021-04-26T10:25:51.811Z",
    "name": "Тося",
    "phonenumber": "3333",
    "adress": "zzzzzzzz",
    "user": 1
  }
},
{
  "model": "webapp.order",
  "pk": 12,
  "fields": {
    "created_at": "2021-04-26T11:06:00.333Z",
    "updated_at": "2021-04-26T11:06:00.333Z",
    "name": "Второй заказ",
    "phonenumber": "88888",
    "adress": "ооооооо",
    "user": 1
  }
},
{
  "model": "webapp.order",
  "pk": 13,
  "fields": {
    "created_at": "2021-04-26T11:50:36.307Z",
    "updated_at": "2021-04-26T11:50:36.307Z",
    "name": "",
    "phonenumber": "",
    "adress": "",
    "user": null
  }
},
{
  "model": "webapp.order",
  "pk": 14,
  "fields": {
    "created_at": "2021-04-26T11:51:15.201Z",
    "updated_at": "2021-04-26T11:51:15.201Z",
    "name": "",
    "phonenumber": "",
    "adress": "",
    "user": null
  }
},
{
  "model": "webapp.order",
  "pk": 15,
  "fields": {
    "created_at": "2021-04-26T11:52:11.411Z",
    "updated_at": "2021-04-26T11:52:11.411Z",
    "name": "",
    "phonenumber": "",
    "adress": "",
    "user": null
  }
},
{
  "model": "webapp.order",
  "pk": 16,
  "fields": {
    "created_at": "2021-04-26T11:58:52.843Z",
    "updated_at": "2021-04-26T11:58:52.843Z",
    "name": "dvdsvsd",
    "phonenumber": "vdvdvd",
    "adress": "vdvdv",
    "user": null
  }
},
{
  "model": "webapp.order",
  "pk": 18,
  "fields": {
    "created_at": "2021-04-26T12:02:22.628Z",
    "updated_at": "2021-04-26T12:02:22.631Z",
    "name": "",
    "phonenumber": "",
    "adress": "",
    "user": 1
  }
},
{
  "model": "webapp.order",
  "pk": 19,
  "fields": {
    "created_at": "2021-04-26T12:02:53.549Z",
    "updated_at": "2021-04-26T12:02:53.554Z",
    "name": "fdfdsff",
    "phonenumber": "dfasdfds",
    "adress": "fdfsdf",
    "user": 1
  }
},
{
  "model": "webapp.order",
  "pk": 24,
  "fields": {
    "created_at": "2021-04-26T12:24:14.722Z",
    "updated_at": "2021-04-26T12:24:14.726Z",
    "name": "fefes",
    "phonenumber": "fesfesf",
    "adress": "fesfes",
    "user": 2
  }
},
{
  "model": "webapp.order",
  "pk": 25,
  "fields": {
    "created_at": "2021-04-26T12:30:22.419Z",
    "updated_at": "2021-04-26T12:30:22.423Z",
    "name": "grgre",
    "phonenumber": "grgregre",
    "adress": "gergre",
    "user": 2
  }
},
{
  "model": "webapp.order",
  "pk": 26,
  "fields": {
    "created_at": "2021-04-27T10:33:12.945Z",
    "updated_at": "2021-04-27T10:33:12.949Z",
    "name": "",
    "phonenumber": "",
    "adress": "",
    "user": 2
  }
}
]
